Время,Масса,Скорость,Высота
0.0,52695.9,1.3,79.2
0.2,52627.7,3.2,79.5
0.3,52579.0,4.9,79.9
0.4,52530.4,6.5,80.5
0.5,52481.7,8.1,81.2
0.6,52433.0,9.7,82.1
0.7,52384.3,11.3,83.2
0.8,52335.6,12.9,84.4
0.9,52286.9,14.5,85.8
1.0,52238.2,16.2,87.4
1.1,52199.3,17.4,88.7
1.2,52140.8,19.4,91.0
1.3,52092.2,21.0,93.0
1.4,52043.5,22.7,95.2
1.5,51994.8,24.3,97.6
1.6,51946.1,25.9,100.1
1.7,51897.4,27.6,102.8
1.8,51848.7,29.2,105.6
1.9,51800.0,30.8,108.6
2.0,51751.3,32.5,111.8
2.1,51702.6,34.1,115.2
2.2,51654.0,35.7,118.7
2.3,51605.3,37.4,122.3
2.4,51556.6,39.0,126.2
2.5,51507.9,40.7,130.2
2.6,51449.5,42.7,135.2
2.7,51391.0,44.6,140.5
2.8,51352.1,46.0,144.1
2.9,51303.4,47.6,148.8
3.0,51245.0,49.6,154.6
3.1,51206.0,50.9,158.7
3.2,51157.3,52.6,163.9
3.3,51098.9,54.6,170.3
3.4,51050.2,56.2,175.9
3.5,51001.5,57.9,181.6
3.6,50952.8,59.5,187.5
3.7,50904.2,61.2,193.5
3.8,50855.5,62.9,199.8
3.9,50806.8,64.5,206.1
4.0,50758.1,66.2,212.7
4.1,50709.4,67.9,219.4
4.2,50660.7,69.5,226.3
4.3,50612.0,71.2,233.3
4.4,50563.3,72.9,240.6
4.5,50514.6,74.5,248.0
4.6,50466.0,76.2,255.5
4.7,50417.3,77.9,263.2
4.8,50368.6,79.5,271.1
4.9,50319.9,81.2,279.2
5.0,50271.2,82.9,287.4
5.1,50222.5,84.5,295.8
5.2,50173.8,86.2,304.3
5.3,50115.4,88.2,314.8
5.4,50066.7,89.9,323.7
5.5,50018.0,91.5,332.8
5.6,49969.3,93.2,342.1
5.7,49920.6,94.9,351.5
5.8,49872.0,96.6,361.1
5.9,49823.3,98.2,370.8
6.0,49774.6,99.9,380.8
6.1,49725.9,101.6,390.9
6.2,49677.2,103.2,401.1
6.3,49628.5,104.9,411.5
6.4,49579.8,106.6,422.1
6.5,49531.1,108.3,432.9
6.6,49482.5,109.9,443.8
6.7,49433.8,111.6,454.9
6.8,49385.1,113.3,466.2
6.9,49336.4,115.0,477.6
7.1,49278.0,117.0,491.5
7.1,49239.0,118.3,501.0
7.2,49190.3,120.0,512.9
7.4,49131.9,122.0,527.4
7.4,49092.9,123.3,537.2
7.6,49034.5,125.3,552.2
7.7,48985.8,127.0,564.8
7.8,48937.1,128.7,577.6
7.8,48898.2,130.0,588.0
8.0,48839.8,132.0,603.7
8.1,48791.1,133.7,617.0
8.2,48742.4,135.4,630.5
8.3,48693.7,137.0,644.1
8.4,48645.0,138.7,657.9
8.5,48596.3,140.4,671.9
8.6,48547.6,142.0,686.0
8.7,48498.9,143.7,700.3
8.8,48450.3,145.4,714.8
8.9,48401.6,147.1,729.4
9.0,48352.9,148.7,744.3
9.1,48304.2,150.4,759.2
9.2,48255.5,152.1,774.4
9.3,48197.1,154.1,792.8
9.4,48148.4,155.8,808.3
9.5,48109.4,157.1,820.8
9.6,48051.0,159.1,839.8
9.7,48002.3,160.8,855.8
9.8,47963.4,162.1,868.7
9.9,47904.9,164.1,888.3
10.0,47856.3,165.8,904.8
10.1,47807.6,167.5,921.5
10.2,47758.9,169.2,938.4
10.3,47710.2,170.9,955.4
10.4,47661.5,172.5,972.6
10.5,47612.8,174.2,989.9
10.6,47564.1,175.9,1007.5
10.7,47515.4,177.6,1025.1
10.8,47466.7,179.2,1043.0
10.9,47418.1,180.9,1061.0
11.0,47369.4,182.6,1079.2
11.1,47320.7,184.3,1097.6
11.2,47272.0,185.9,1116.1
11.3,47213.6,187.9,1138.6
11.4,47174.6,189.3,1153.7
11.5,47125.9,191.0,1172.7
11.6,47067.5,193.0,1195.7
11.7,47028.6,194.3,1211.2
11.8,46979.9,196.0,1230.8
11.9,46921.4,198.0,1254.4
12.0,46882.5,199.3,1270.3
12.1,46824.1,201.3,1294.4
12.2,46775.4,203.0,1314.6
12.3,46736.4,204.4,1330.9
12.4,46678.0,206.4,1355.6
12.5,46629.3,208.0,1376.3
12.6,46580.6,209.7,1397.2
12.7,46531.9,211.4,1418.3
12.8,46483.2,213.0,1439.6
12.9,46434.5,214.7,1461.0
13.0,46385.9,216.4,1482.5
13.1,46337.2,218.0,1504.3
13.2,46288.5,219.7,1526.2
13.3,46239.8,221.4,1548.2
13.4,46191.1,223.0,1570.5
13.5,46142.4,224.7,1592.9
13.6,46093.7,226.4,1615.5
13.7,46045.0,228.0,1638.2
13.8,45996.4,229.7,1661.1
13.9,45947.7,231.4,1684.2
14.0,45899.0,233.0,1707.4
14.1,45850.3,234.7,1730.8
14.2,45801.6,236.3,1754.4
14.3,45752.9,238.0,1778.1
14.4,45704.2,239.6,1802.0
14.5,45655.5,241.3,1826.1
14.6,45606.8,243.0,1850.3
14.7,45558.2,244.6,1874.7
14.8,45509.5,246.3,1899.2
14.9,45460.8,247.9,1924.0
15.0,45412.1,249.6,1948.9
15.1,45363.4,251.2,1973.9
15.2,45314.7,252.9,1999.1
15.3,45266.0,254.5,2024.5
15.4,45217.3,256.2,2050.1
15.5,45168.6,257.8,2075.8
15.6,45120.0,259.5,2101.7
15.7,45071.3,261.1,2127.7
15.8,45022.6,262.7,2153.9
15.9,44964.2,264.6,2185.6
16.0,44925.2,265.8,2206.8
16.1,44876.5,267.3,2233.5
16.2,44808.4,269.4,2271.0
16.3,44759.7,270.8,2298.1
16.4,44711.0,272.2,2325.2
16.5,44662.3,273.5,2352.5
16.6,44613.6,274.9,2380.0
16.7,44564.9,276.3,2407.5
16.8,44516.2,277.7,2435.2
16.9,44467.5,279.2,2463.1
17.0,44418.8,280.7,2491.1
17.1,44370.2,282.2,2519.2
17.2,44321.5,283.7,2547.5
17.3,44272.8,285.2,2576.0
17.4,44224.1,286.8,2604.6
17.5,44175.4,288.3,2633.3
17.6,44126.7,289.8,2662.2
17.7,44078.0,291.3,2691.3
17.8,44029.3,292.8,2720.5
17.9,43980.6,294.2,2749.8
18.0,43932.0,295.7,2779.3
18.1,43883.3,297.2,2809.0
18.2,43834.6,298.6,2838.7
18.3,43785.9,300.1,2868.7
18.4,43737.2,301.5,2898.7
18.5,43688.5,303.0,2928.9
18.6,43639.8,304.4,2959.3
18.7,43591.1,305.9,2989.8
18.8,43542.5,307.3,3020.4
19.0,43484.0,309.0,3057.4
19.1,43435.3,310.4,3088.3
19.2,43386.6,311.8,3119.4
19.3,43338.0,313.2,3150.6
19.4,43289.3,314.5,3182.0
19.5,43240.6,315.9,3213.4
19.6,43182.2,317.4,3251.4
19.7,43133.5,318.8,3283.2
19.8,43094.5,319.8,3308.7
19.9,43045.8,321.1,3340.7
20.0,42997.1,322.4,3372.8
20.1,42938.7,323.9,3411.5
20.2,42890.0,325.2,3443.9
20.3,42851.1,326.2,3469.9
20.4,42792.6,327.7,3509.0
20.5,42744.0,328.9,3541.8
20.6,42695.3,330.1,3574.7
20.7,42646.6,331.4,3607.7
20.8,42607.6,332.3,3634.2
20.9,42549.2,333.8,3674.0
21.0,42500.5,335.0,3707.4
21.1,42451.8,336.2,3740.8
21.2,42403.1,337.3,3774.4
21.3,42354.5,338.5,3808.1
21.4,42305.8,339.7,3841.9
21.5,42257.1,340.9,3875.8
21.6,42208.4,342.0,3909.8
21.7,42150.0,343.5,3950.8
21.8,42101.3,344.6,3985.1
21.9,42062.3,345.6,4012.6
22.0,42003.9,346.9,4054.0
22.1,41955.2,348.1,4088.6
22.2,41906.5,349.3,4123.3
22.3,41857.8,350.4,4158.1
22.4,41809.1,351.6,4193.0
22.5,41760.5,352.7,4228.1
22.6,41711.8,353.9,4263.2
22.7,41663.1,355.1,4298.5
22.8,41614.4,356.2,4333.9
22.9,41565.7,357.4,4369.4
23.0,41517.0,358.5,4405.0
23.1,41468.3,359.7,4440.7
23.2,41419.6,360.9,4476.5
23.3,41370.9,362.0,4512.4
23.4,41332.0,363.0,4541.2
23.5,41273.6,364.4,4584.5
23.6,41224.9,365.5,4620.8
23.7,41176.2,366.7,4657.1
23.8,41127.5,367.8,4693.6
23.9,41078.8,369.0,4730.2
24.0,41030.1,370.2,4766.9
24.1,40981.4,371.3,4803.6
24.2,40932.8,372.5,4840.5
24.3,40884.1,373.7,4877.5
24.4,40825.6,375.1,4922.1
24.5,40776.9,376.3,4959.3
24.6,40728.3,377.5,4996.7
24.7,40679.6,378.6,5034.1
24.8,40630.9,379.8,5071.7
24.9,40582.2,381.0,5109.4
25.0,40533.5,382.2,5147.1
25.1,40484.8,383.4,5185.0
25.2,40436.1,384.6,5223.0
25.3,40387.4,385.8,5261.1
25.4,40338.8,387.0,5299.4
25.5,40290.1,388.2,5337.7
25.6,40241.4,389.4,5376.1
25.7,40192.7,390.6,5414.7
25.8,40144.0,391.9,5453.3
25.9,40095.3,393.1,5492.1
26.0,40046.6,394.3,5531.0
26.1,39988.2,395.8,5577.8
26.2,39949.2,396.8,5609.1
26.3,39890.8,398.3,5656.2
26.4,39851.9,399.3,5687.6
26.5,39793.4,400.8,5735.0
26.6,39754.5,401.8,5766.6
26.7,39696.1,403.3,5814.2
26.8,39657.1,404.3,5846.1
26.9,39598.7,405.8,5893.9
27.0,39550.0,407.1,5934.0
27.1,39501.3,408.4,5974.1
27.2,39452.6,409.7,6014.4
27.3,39403.9,411.0,6054.7
27.4,39355.2,412.3,6095.2
27.5,39306.6,413.6,6135.8
27.6,39257.9,414.9,6176.5
27.7,39209.2,416.2,6217.4
27.8,39160.5,417.6,6258.3
27.9,39111.8,418.9,6299.4
28.0,39063.1,420.2,6340.6
28.1,39014.4,421.6,6381.9
28.2,38965.7,423.0,6423.3
28.3,38917.0,424.3,6464.9
28.4,38868.4,425.7,6506.5
28.5,38819.7,427.1,6548.3
28.6,38771.0,428.5,6590.2
28.8,38712.6,430.1,6640.7
28.8,38673.6,431.3,6674.4
28.9,38624.9,432.7,6716.7
29.1,38566.5,434.4,6767.6
29.1,38527.5,435.5,6801.6
29.2,38478.8,436.9,6844.3
29.3,38430.2,438.4,6887.0
29.5,38371.7,440.1,6938.5
29.5,38332.8,441.3,6973.0
29.7,38274.4,443.1,7024.8
29.8,38225.7,444.5,7068.1
29.9,38167.2,446.3,7120.2
30.0,38128.3,447.5,7155.1
30.1,38069.9,449.3,7207.5
30.2,38030.9,450.5,7242.6
30.3,37972.5,452.4,7295.3
30.4,37923.8,453.9,7339.5
30.5,37875.1,455.4,7383.7
30.6,37826.4,457.0,7428.1
30.7,37777.7,458.5,7472.6
30.8,37729.0,460.1,7517.2
30.9,37680.4,461.7,7562.0
31.0,37631.7,463.3,7606.9
31.1,37583.0,464.9,7652.0
31.2,37534.3,466.5,7697.2
31.3,37485.6,468.1,7742.5
31.4,37436.9,469.7,7787.9
31.5,37388.2,471.4,7833.5
31.6,37339.5,473.0,7879.3
31.7,37290.8,474.7,7925.2
31.8,37242.2,476.3,7971.2
31.9,37193.5,478.0,8017.4
32.0,37144.8,479.7,8063.7
32.1,37096.1,481.4,8110.1
32.2,37047.4,483.1,8156.7
32.3,36998.7,484.8,8203.5
32.4,36950.0,486.6,8250.4
32.5,36901.3,488.3,8297.4
32.6,36842.9,490.4,8354.1
32.7,36794.2,492.2,8401.4
32.8,36745.5,494.0,8448.9
32.9,36696.8,495.8,8496.6
33.0,36648.2,497.6,8544.4
33.1,36599.5,499.4,8592.4
33.2,36550.8,501.2,8640.5
33.3,36502.1,503.0,8688.8
33.4,36453.4,504.9,8737.2
33.5,36404.7,506.7,8785.8
33.6,36356.0,508.6,8834.6
33.7,36307.3,510.5,8883.5
33.8,36258.6,512.4,8932.5
33.9,36210.0,514.3,8981.7
34.0,36161.3,516.2,9031.1
34.1,36112.6,518.1,9080.6
34.2,36063.9,520.0,9130.3
34.3,36015.2,522.0,9180.2
34.4,35966.5,523.9,9230.2
34.5,35917.8,525.9,9280.4
34.6,35869.1,527.9,9330.8
34.7,35820.5,529.9,9381.3
34.8,35771.8,531.9,9432.0
34.9,35723.1,533.9,9482.8
35.0,35674.4,535.9,9533.8
35.1,35625.7,537.9,9585.0
35.2,35567.3,540.4,9646.7
35.3,35518.6,542.4,9698.2
35.4,35460.2,544.9,9760.3
35.5,35411.5,547.0,9812.3
35.6,35372.5,548.7,9853.9
35.7,35314.1,551.2,9916.6
35.8,35275.1,552.9,9958.6
35.9,35226.5,555.0,10011.2
36.0,35168.0,557.5,10074.5
36.1,35119.3,559.7,10127.5
36.2,35070.7,561.8,10180.7
36.3,35022.0,564.0,10234.0
36.4,34973.3,566.1,10287.5
36.5,34934.3,567.9,10330.4
36.6,34885.6,570.1,10384.3
36.7,34827.2,572.7,10449.1
36.8,34778.5,574.9,10503.3
36.9,34729.8,577.1,10557.7
37.0,34681.1,579.3,10612.3
37.1,34632.5,581.5,10667.1
37.2,34583.8,583.8,10722.0
37.3,34535.1,586.0,10777.1
37.4,34486.4,588.3,10832.5
37.5,34437.7,590.5,10888.0
37.6,34389.0,592.8,10943.6
37.7,34340.3,595.1,10999.5
37.8,34291.6,597.4,11055.6
37.9,34242.9,599.7,11111.8
38.0,34194.3,602.0,11168.2
38.1,34145.6,604.3,11224.8
38.2,34096.9,606.6,11281.6
38.3,34048.2,608.9,11338.6
38.4,33999.5,611.2,11395.8
38.5,33950.8,613.5,11453.1
38.6,33902.1,615.9,11510.7
38.7,33853.4,618.2,11568.4
38.8,33804.7,620.6,11626.3
38.9,33756.1,622.9,11684.4
39.0,33707.4,625.3,11742.7
39.1,33658.7,627.7,11801.2
39.2,33610.0,630.1,11859.9
39.3,33561.3,632.4,11918.8
39.4,33512.6,634.8,11977.8
39.6,33454.2,637.7,12049.0
39.6,33415.2,639.7,12096.5
39.7,33366.6,642.1,12156.2
39.8,33317.9,644.5,12216.0
39.9,33269.2,647.0,12276.0
40.0,33220.5,649.4,12336.3
40.1,33171.8,651.9,12396.7
40.3,33113.4,654.8,12469.4
40.3,33074.4,656.8,12518.1
40.5,33016.0,659.8,12591.3
40.5,32977.0,661.8,12640.3
40.7,32918.6,664.8,12714.0
40.8,32860.2,667.8,12788.0
40.9,32801.8,670.9,12862.2
41.0,32762.8,672.9,12911.9
41.1,32714.1,675.4,12974.2
41.2,32665.4,678.0,13036.7
41.3,32607.0,681.1,13111.9
41.4,32568.1,683.1,13162.2
41.5,32519.4,685.7,13225.3
41.6,32470.7,688.3,13288.6
41.7,32412.3,691.5,13364.8
41.8,32363.6,694.1,13428.5
41.9,32324.6,696.2,13479.7
42.0,32266.2,699.4,13556.6
42.1,32227.2,701.5,13608.1
42.2,32168.8,704.7,13685.6
42.3,32129.9,706.8,13737.4
42.4,32071.4,710.1,13815.3
42.5,32022.8,712.8,13880.5
42.6,31974.1,715.5,13945.9
42.7,31925.4,718.2,14011.5
42.8,31876.7,720.9,14077.4
42.9,31828.0,723.7,14143.4
43.0,31779.3,726.4,14209.7
43.1,31730.6,729.2,14276.1
43.2,31681.9,732.0,14342.8
43.3,31633.2,734.8,14409.7
43.4,31584.6,737.6,14476.8
43.5,31535.9,740.4,14544.2
43.6,31487.2,743.2,14611.7
43.7,31428.7,746.6,14693.1
43.8,31389.8,748.9,14747.5
43.9,31341.1,751.7,14815.7
44.0,31292.4,754.6,14884.2
44.1,31243.7,757.5,14952.8
44.2,31185.3,761.0,15035.5
44.3,31146.4,763.3,15090.8
44.4,31097.7,766.2,15160.1
44.5,31049.0,769.1,15229.7
44.6,31000.3,772.1,15299.5
44.7,30941.9,775.6,15383.5
44.8,30893.2,778.6,15453.8
44.9,30854.2,781.0,15510.2
45.0,30795.8,784.6,15595.1
45.1,30756.8,787.0,15651.8
45.2,30698.4,790.6,15737.3
45.3,30649.7,793.6,15808.7
45.4,30601.0,796.7,15880.4
45.5,30552.4,799.7,15952.3
45.6,30503.7,802.8,16024.4
45.7,30464.7,805.2,16082.3
45.8,30406.3,808.9,16169.4
45.9,30357.6,812.0,16242.3
46.0,30308.9,815.2,16315.4
46.1,30260.2,818.3,16388.7
46.2,30211.5,821.4,16462.3
46.3,30153.1,825.2,16550.9
46.4,30104.4,828.4,16625.0
46.5,30055.7,831.6,16699.3
46.6,30007.0,834.8,16773.9
46.7,29958.4,838.0,16848.7
46.8,29909.7,841.2,16923.8
46.9,29861.0,844.4,16999.1
47.0,29812.3,847.7,17074.7
47.1,29763.6,850.9,17150.5
47.2,29714.9,854.2,17226.6
47.3,29666.2,857.5,17302.9
47.4,29617.5,860.8,17379.4
47.5,29568.8,864.1,17456.3
47.6,29520.2,867.4,17533.3
47.7,29471.5,870.7,17610.7
47.8,29422.8,874.1,17688.2
47.9,29374.1,877.4,17766.1
48.0,29325.4,880.8,17844.2
48.1,29276.7,884.2,17922.5
48.2,29228.0,887.6,18001.1
48.3,29179.3,891.0,18080.0
48.4,29130.7,894.5,18159.1
48.5,29082.0,897.9,18238.5
48.6,29033.3,901.4,18318.1
48.7,28984.6,904.8,18398.0
48.8,28935.9,908.3,18478.2
49.0,28877.5,912.5,18574.7
49.1,28828.8,916.0,18655.5
49.2,28780.1,919.5,18736.5
49.3,28731.4,923.1,18817.8
49.4,28682.7,926.6,18899.3
49.5,28634.0,930.2,18981.1
49.6,28585.3,933.8,19063.2
49.7,28536.7,937.4,19145.6
49.8,28488.0,941.0,19228.2
49.9,28439.3,944.6,19311.1
50.0,28390.6,948.2,19394.3
50.1,28341.9,951.8,19477.7
50.2,28293.2,955.5,19561.5
50.3,28244.5,959.2,19645.5
50.4,28186.1,963.6,19746.6
50.5,28137.4,967.3,19831.2
50.6,28098.5,970.3,19899.1
50.7,28040.0,974.7,20001.3
50.8,28001.1,977.7,20069.6
50.9,27952.4,981.5,20155.3
51.0,27894.0,986.0,20258.5
51.1,27845.3,989.8,20344.8
51.2,27796.6,993.6,20431.4
51.3,27747.9,997.4,20518.2
51.4,27699.2,1001.2,20605.4
51.5,27650.5,1005.1,20692.8
51.6,27601.8,1008.9,20780.5
51.7,27553.1,1012.8,20868.6
51.8,27504.5,1016.6,20956.9
51.9,27455.8,1020.5,21045.5
52.0,27407.1,1024.4,21134.3
52.1,27358.4,1028.4,21223.5
52.2,27300.0,1033.1,21330.9
52.3,27251.3,1037.0,21420.8
52.4,27202.6,1041.0,21510.9
52.5,27163.6,1044.2,21583.2
52.6,27114.9,1048.2,21673.9
52.7,27066.3,1052.2,21764.8
52.8,27017.6,1056.2,21856.1
52.9,26968.9,1060.2,21947.6
53.0,26920.2,1064.3,22039.5
53.1,26871.5,1068.3,22131.6
53.2,26822.8,1072.4,22224.1
53.3,26764.4,1077.3,22335.4
53.4,26725.4,1080.6,22409.9
53.5,26667.0,1085.5,22522.0
53.6,26628.1,1088.8,22597.0
53.7,26569.6,1093.8,22709.8
53.8,26520.9,1098.0,22804.2
53.9,26472.3,1102.1,22898.8
54.0,26423.6,1106.3,22993.8
54.1,26374.9,1110.5,23089.1
54.2,26326.2,1114.8,23184.7
54.3,26277.5,1119.0,23280.6
54.4,26228.8,1123.2,23376.9
54.5,26180.1,1127.5,23473.4
54.6,26131.4,1131.8,23570.3
54.7,26082.8,1136.1,23667.5
54.8,26034.1,1140.4,23765.0
54.9,25985.4,1144.7,23862.8
55.0,25936.7,1149.0,23961.0
55.1,25888.0,1153.4,24059.4
55.2,25839.3,1157.7,24158.2
55.3,25790.6,1162.1,24257.3
55.4,25741.9,1166.5,24356.8
55.5,25693.2,1170.9,24456.5
55.6,25644.6,1175.3,24556.6
55.7,25595.9,1179.8,24657.0
55.8,25547.2,1184.2,24757.8
55.9,25498.5,1188.7,24858.8
56.0,25449.8,1193.2,24960.2
56.1,25401.1,1197.6,25062.0
56.2,25352.4,1202.2,25164.0
56.3,25303.7,1206.7,25266.4
56.4,25255.0,1211.2,25369.2
56.5,25206.4,1215.8,25472.2
56.6,25157.7,1220.3,25575.6
56.7,25109.0,1224.9,25679.4
56.8,25070.0,1228.6,25762.6
56.8,25060.3,1229.5,25783.5
56.9,25001.9,1235.0,25908.8
57.0,24943.4,1240.6,26034.6
57.1,24894.8,1245.2,26139.9
57.2,24846.1,1249.9,26245.5
57.3,24797.4,1254.6,26351.4
57.4,24758.4,1258.3,26436.4
57.5,24700.0,1264.0,26564.3
57.6,24651.3,1268.7,26671.2
57.7,24602.6,1273.4,26778.5
57.8,24553.9,1278.2,26886.2
57.9,24505.2,1283.0,26994.2
58.0,24456.6,1287.8,27102.5
58.1,24407.9,1292.6,27211.3
58.2,24359.2,1297.4,27320.3
58.3,24310.5,1302.2,27429.7
58.4,24261.8,1307.0,27539.5
58.5,24213.1,1311.9,27649.6
58.6,24164.4,1316.8,27760.1
58.7,24115.7,1321.7,27871.0
58.8,24067.0,1326.6,27982.2
58.9,24018.4,1331.5,28093.7
59.0,23969.7,1336.4,28205.7
59.1,23921.0,1341.4,28317.9
59.2,23872.3,1346.4,28430.6
59.3,23823.6,1351.4,28543.6
59.4,23774.9,1356.4,28657.0
59.5,23726.2,1361.4,28770.7
59.6,23677.5,1366.4,28884.9
59.7,23628.8,1371.5,28999.3
59.8,23580.2,1376.5,29114.2
59.9,23531.5,1381.6,29229.4
60.0,23482.8,1386.7,29345.0
60.1,23434.1,1391.8,29461.0
60.2,23385.4,1396.9,29577.3
60.3,23336.7,1402.1,29694.0
60.4,23288.0,1407.2,29811.1
60.5,23239.3,1412.4,29928.6
60.6,23190.7,1417.6,30046.5
60.7,23142.0,1422.8,30164.7
60.8,23093.3,1428.0,30283.3
60.9,23044.6,1433.3,30402.3
61.0,22995.9,1438.5,30521.7
61.1,22947.2,1443.8,30641.4
61.3,22888.8,1450.2,30785.7
61.4,22840.1,1455.5,30906.3
61.4,22801.1,1459.7,31003.0
61.6,22742.7,1466.1,31148.7
61.6,22703.8,1470.4,31246.0
61.8,22645.3,1476.9,31392.6
61.8,22606.4,1481.2,31490.6
61.9,22557.7,1486.6,31613.5
62.0,22509.0,1492.0,31736.8
62.1,22460.3,1497.4,31860.4
62.3,22401.9,1504.0,32009.3
62.4,22353.2,1509.4,32133.9
62.5,22304.5,1514.9,32258.8
62.6,22255.8,1520.4,32384.1
62.7,22207.1,1525.9,32509.9
62.8,22158.5,1531.5,32636.0
62.9,22109.8,1537.0,32762.5
62.9,22070.8,1541.5,32864.1
63.1,22012.4,1548.2,33016.8
63.2,21963.7,1553.8,33144.6
63.3,21915.0,1559.4,33272.8
63.4,21866.3,1565.0,33401.3
63.5,21817.6,1570.7,33530.3
63.6,21768.9,1576.4,33659.7
63.7,21720.3,1582.0,33789.5
63.8,21671.6,1587.8,33919.7
63.9,21639.9,1591.0,34076.4
64.0,21628.8,1591.7,34207.0
64.1,21617.7,1592.3,34337.7
64.2,21606.6,1593.0,34468.4
64.3,21595.6,1593.6,34599.1
64.4,21584.5,1594.3,34729.8
64.5,21573.4,1595.0,34860.6
64.6,21562.3,1595.6,34991.4
64.7,21551.2,1596.3,35122.2
64.8,21540.1,1597.0,35253.0
64.9,21531.2,1597.5,35357.7
65.0,21520.2,1598.2,35488.7
65.0,12471.3,1599.3,35595.0
65.1,12460.2,1601.1,35726.0
65.2,12449.1,1603.0,35857.2
65.3,12438.0,1604.9,35988.5
65.4,12426.9,1606.9,36119.9
65.5,12415.8,1608.8,36251.5
65.7,12402.5,1610.9,36409.5
65.7,12393.7,1612.4,36515.0
65.9,12380.4,1614.6,36673.3
66.0,12369.3,1616.4,36805.3
66.1,12358.2,1618.2,36937.5
66.2,12347.1,1620.0,37069.7
66.3,12336.0,1621.8,37202.1
66.4,12324.9,1623.7,37334.6
66.5,12313.8,1625.5,37467.2
66.6,12302.8,1627.4,37600.0
66.7,12289.4,1629.6,37759.4
66.8,12278.4,1631.4,37892.4
66.9,12267.3,1633.3,38025.5
67.0,12256.2,1635.1,38158.8
67.1,12245.1,1637.0,38292.2
67.2,12234.0,1638.9,38425.6
67.3,12222.9,1640.7,38559.2
67.4,12211.8,1642.6,38693.0
67.5,12200.7,1644.5,38826.8
67.6,12189.7,1646.3,38960.8
67.7,12178.6,1648.2,39094.9
67.8,12167.5,1650.1,39229.2
67.9,12156.4,1651.9,39363.5
68.0,12145.3,1653.8,39498.0
68.1,12132.0,1656.1,39659.5
68.2,12123.1,1657.6,39767.3
68.3,12112.0,1659.5,39902.1
68.4,12101.0,1661.3,40037.1
68.5,12089.9,1663.2,40172.2
68.6,12078.8,1665.1,40307.4
68.7,12065.5,1667.4,40469.8
68.8,12056.6,1668.9,40578.2
68.9,12045.5,1670.8,40713.8
69.0,12032.2,1673.1,40876.6
69.1,12023.3,1674.6,40985.3
69.2,12012.2,1676.5,41121.2
69.3,11998.9,1678.8,41284.5
69.4,11987.9,1680.7,41420.7
69.5,11976.8,1682.6,41557.0
69.6,11967.9,1684.1,41666.1
69.7,11954.6,1686.4,41830.0
69.8,11943.5,1688.3,41966.7
69.9,11932.4,1690.3,42103.4
70.0,11921.3,1692.2,42240.4
70.1,11910.2,1694.1,42377.4
70.2,11899.2,1696.1,42514.5
70.3,11888.1,1698.0,42651.8
70.4,11877.0,1699.9,42789.1
70.5,11865.9,1701.9,42926.6
70.6,11854.8,1703.8,43064.2
70.7,11843.7,1705.7,43201.9
70.8,11832.6,1707.7,43339.7
70.9,11821.5,1709.6,43477.6
71.0,11810.4,1711.6,43615.7
71.1,11799.4,1713.5,43753.8
71.2,11788.3,1715.4,43892.0
71.3,11777.2,1717.4,44030.4
71.4,11766.1,1719.3,44168.8
71.5,11755.0,1721.2,44307.4
71.6,11743.9,1723.2,44446.1
71.7,11732.8,1725.1,44584.8
71.8,11721.7,1727.0,44723.7
71.9,11710.7,1728.9,44862.6
72.0,11697.3,1731.2,45029.5
72.1,11686.3,1733.2,45168.6
72.2,11675.2,1735.1,45307.9
72.3,11661.9,1737.4,45475.1
72.4,11653.0,1738.9,45586.6
72.5,11641.9,1740.8,45726.2
72.6,11628.6,1743.1,45893.7
72.7,11617.5,1745.0,46033.4
72.8,11606.4,1746.9,46173.2
72.9,11595.3,1748.8,46313.0
73.0,11584.3,1750.7,46453.0
73.1,11573.2,1752.5,46593.0
73.2,11562.1,1754.4,46733.1
73.3,11551.0,1756.3,46873.2
73.4,11539.9,1758.1,47013.5
73.5,11528.8,1760.0,47153.8
73.6,11517.7,1761.8,47294.1
73.7,11506.6,1763.7,47434.6
73.8,11495.5,1765.5,47575.0
73.9,11484.5,1767.3,47715.6
74.0,11473.4,1769.2,47856.2
74.1,11462.3,1771.0,47996.8
74.2,11451.2,1772.8,48137.5
74.3,11440.1,1774.7,48278.3
74.4,11429.0,1776.5,48419.1
74.5,11417.9,1778.4,48560.0
74.6,11406.8,1780.2,48701.0
74.7,11395.8,1782.1,48842.0
74.8,11386.9,1783.6,48954.8
74.9,11373.6,1785.9,49124.2
75.0,11362.5,1787.9,49265.4
75.1,11351.4,1789.8,49406.7
75.2,11340.3,1791.8,49548.0
75.3,11329.2,1793.7,49689.5
75.5,11315.9,1796.1,49859.3
75.6,11304.8,1798.1,50000.9
75.7,11293.7,1800.1,50142.6
75.7,11284.9,1801.7,50256.0
75.8,11273.8,1803.6,50397.9
75.9,11262.7,1805.6,50539.8
76.0,11251.6,1807.6,50681.8
76.2,11238.3,1810.1,50852.3
76.3,11227.2,1812.1,50994.5
76.4,11216.1,1814.1,51136.8
76.5,11205.0,1816.1,51279.1
76.6,11194.0,1818.1,51421.5
76.7,11182.9,1820.1,51564.0
76.8,11171.8,1822.1,51706.6
76.9,11160.7,1824.2,51849.3
77.0,11149.6,1826.2,51992.0
77.1,11138.5,1828.2,52134.8
77.2,11127.4,1830.2,52277.8
77.3,11116.3,1832.3,52420.7
77.4,11105.3,1834.3,52563.8
77.5,11091.9,1836.7,52735.6
77.6,11080.9,1838.8,52878.8
77.7,11069.8,1840.8,53022.1
77.8,11058.7,1842.9,53165.5
77.9,11047.6,1844.9,53309.0
78.0,11036.5,1847.0,53452.5
78.1,11025.4,1849.1,53596.2
78.2,11014.3,1851.1,53739.9
78.3,11003.2,1853.2,53883.7
78.4,10989.9,1855.7,54056.3
78.5,10981.1,1857.4,54171.5
78.6,10967.8,1859.9,54344.4
78.7,10956.7,1862.0,54488.6
78.8,10947.8,1863.7,54604.0
78.9,10936.7,1865.9,54748.3
79.0,10923.4,1868.4,54921.6
79.1,10914.5,1870.1,55037.2
79.2,10901.2,1872.7,55210.7
79.3,10890.1,1874.8,55355.4
79.4,10879.1,1877.0,55500.2
79.5,10868.0,1879.1,55645.1
79.6,10856.9,1881.3,55790.0
79.7,10845.8,1883.4,55935.1
79.8,10834.7,1885.6,56080.3
79.9,10823.6,1887.8,56225.5
80.0,10812.5,1889.9,56370.8
80.1,10801.4,1892.1,56516.3
80.2,10790.4,1894.3,56661.8
80.3,10779.3,1896.5,56807.4
80.4,10768.2,1898.6,56953.1
80.5,10757.1,1900.8,57098.9
80.6,10746.0,1903.0,57244.8
80.7,10732.7,1905.6,57420.0
80.8,10723.8,1907.4,57536.8
80.9,10712.7,1909.6,57683.0
81.0,10701.7,1911.8,57829.2
81.1,10690.6,1914.0,57975.6
81.2,10677.3,1916.7,58151.3
81.3,10668.4,1918.4,58268.5
81.4,10655.1,1921.1,58444.5
81.5,10644.0,1923.3,58591.2
81.6,10632.9,1925.6,58738.1
81.7,10621.8,1927.8,58885.0
81.8,10610.7,1930.1,59032.0
81.9,10599.6,1932.3,59179.2
82.0,10590.8,1934.1,59296.9
82.1,10577.5,1936.9,59473.7
82.2,10566.4,1939.1,59621.1
82.3,10555.3,1941.4,59768.7
82.4,10544.2,1943.7,59916.3
82.5,10533.1,1946.0,60064.0
82.6,10522.0,1948.3,60211.8
82.7,10510.9,1950.6,60359.8
82.8,10499.9,1952.9,60507.8
82.9,10486.5,1955.6,60685.6
83.0,10477.7,1957.5,60804.1
83.1,10466.6,1959.8,60952.5
83.2,10455.5,1962.1,61100.9
83.3,10444.4,1964.4,61249.5
83.4,10431.1,1967.2,61427.8
83.5,10420.0,1969.5,61576.6
83.6,10408.9,1971.8,61725.5
83.7,10397.8,1974.2,61874.5
83.8,10386.8,1976.5,62023.5
83.9,10375.7,1978.9,62172.7
84.0,10364.6,1981.2,62322.0
84.1,10353.5,1983.5,62471.4
84.2,10342.4,1985.9,62620.9
84.3,10331.3,1988.3,62770.5
84.4,10320.2,1990.6,62920.2
84.5,10309.1,1993.0,63070.0
84.6,10298.1,1995.4,63219.9
84.7,10287.0,1997.8,63369.9
84.8,10275.9,2000.1,63520.0
84.9,10264.8,2002.5,63670.3
85.0,10253.7,2004.9,63820.6
85.1,10242.6,2007.3,63971.1
85.2,10231.5,2009.7,64121.6
85.3,10220.4,2012.2,64272.3
85.4,10209.3,2014.6,64423.1
85.5,10198.3,2017.0,64574.0
85.7,10185.0,2019.9,64755.2
85.8,10173.9,2022.3,64906.4
85.9,10162.8,2024.8,65057.6
86.0,10151.7,2027.2,65209.0
86.1,10140.6,2029.7,65360.5
86.2,10129.5,2032.1,65512.1
86.3,10118.4,2034.6,65663.8
86.4,10107.3,2037.0,65815.6
86.5,10096.2,2039.5,65967.5
86.6,10082.9,2042.4,66150.0
86.7,10074.1,2044.4,66271.7
86.8,10063.0,2046.9,66424.0
86.9,10051.9,2049.4,66576.4
87.0,10040.8,2051.9,66728.9
87.1,10029.7,2054.4,66881.5
87.2,10016.4,2057.3,67064.9
87.3,10005.3,2059.8,67217.7
87.4,9996.5,2061.8,67340.1
87.5,9983.2,2064.9,67523.8
87.6,9972.1,2067.4,67677.1
87.7,9963.2,2069.4,67799.7
87.8,9949.9,2072.4,67983.9
87.9,9938.8,2074.9,68137.5
88.0,9927.7,2077.5,68291.2
88.1,9916.6,2080.0,68445.0
88.2,9905.5,2082.6,68599.0
88.3,9894.4,2085.1,68753.0
88.4,9883.4,2087.7,68907.2
88.5,9872.3,2090.2,69061.5
88.6,9861.2,2092.8,69216.0
88.7,9850.1,2095.4,69370.5
88.8,9839.0,2097.9,69525.2
88.9,9827.9,2100.5,69680.0
89.0,9816.8,2103.1,69834.9
89.1,9805.7,2105.7,69990.0
89.2,9796.9,2107.8,70114.1
89.3,9785.8,2110.4,70269.4
89.4,9772.5,2113.5,70455.9
89.5,9763.6,2115.6,70580.4
89.6,9752.5,2118.2,70736.0
89.7,9739.2,2121.3,70923.0
89.8,9728.1,2123.9,71078.9
89.9,9717.0,2126.6,71235.0
90.0,9708.2,2128.7,71359.9
90.1,9697.1,2131.3,71516.2
90.2,9683.8,2134.5,71704.0
90.3,9674.9,2136.6,71829.2
90.4,9663.8,2139.2,71985.9
90.5,9652.7,2141.9,72142.7
90.6,9639.4,2145.1,72331.1
90.7,9628.3,2147.7,72488.2
90.8,9617.3,2150.4,72645.4
90.9,9606.2,2153.1,72802.8
91.0,9597.3,2155.2,72928.8
91.1,9581.8,2159.0,73149.4
91.2,9570.7,2161.6,73307.2
91.3,9559.6,2164.3,73465.1
91.4,9548.5,2167.0,73623.2
91.5,9537.4,2169.7,73781.4
91.6,9526.3,2172.4,73939.7
91.7,9515.2,2175.2,74098.1
91.8,9504.2,2177.9,74256.7
91.9,9493.1,2180.6,74415.4
92.0,9482.0,2183.3,74574.3
92.1,9470.9,2186.1,74733.3
92.2,9459.8,2188.8,74892.4
92.3,9448.7,2191.5,75051.7
92.4,9437.6,2194.3,75211.1
92.5,9426.5,2197.0,75370.6
92.6,9415.5,2199.8,75530.3
92.7,9404.4,2202.6,75690.1
92.8,9393.3,2205.3,75850.1
92.9,9382.2,2208.1,76010.2
93.0,9371.1,2210.9,76170.4
93.1,9360.0,2213.7,76330.8
93.2,9348.9,2216.4,76491.3
93.3,9337.8,2219.2,76652.0
93.4,9326.7,2222.0,76812.8
93.5,9315.7,2224.8,76973.7
93.6,9304.6,2227.6,77134.8
93.7,9291.3,2231.0,77328.3
93.8,9280.2,2233.8,77489.7
93.9,9271.3,2236.1,77619.0
94.0,9258.0,2239.5,77813.0
94.1,9246.9,2242.3,77974.8
94.2,9235.8,2245.2,78136.8
94.3,9224.7,2248.0,78298.9
94.4,9213.6,2250.9,78461.2
94.5,9202.6,2253.7,78623.6
94.6,9191.5,2256.6,78786.2
94.7,9180.4,2259.4,78948.9
94.8,9169.3,2262.3,79111.7
94.9,9158.2,2265.2,79274.7
95.0,9147.1,2268.0,79437.9
95.1,9136.0,2270.9,79601.2
95.2,9124.9,2273.8,79764.7
95.3,9113.9,2276.7,79928.3
95.4,9102.8,2279.6,80092.0
95.5,9091.7,2282.5,80255.9
95.6,9080.6,2285.4,80420.0
95.7,9069.5,2288.3,80584.2
95.8,9058.4,2291.3,80748.5
95.9,9047.3,2294.2,80913.1
96.0,9036.2,2297.1,81077.7
96.1,9025.2,2300.1,81242.6
96.2,9014.1,2303.0,81407.5
96.3,9003.0,2305.9,81572.7
96.4,8991.9,2308.9,81737.9
96.5,8978.6,2312.4,81936.5
96.6,8967.5,2315.4,82102.1
96.7,8956.4,2318.4,82267.9
96.8,8945.3,2321.4,82433.8
96.9,8934.2,2324.3,82599.9
97.0,8923.1,2327.3,82766.2
97.1,8912.1,2330.3,82932.6
97.2,8901.0,2333.3,83099.2
97.3,8889.9,2336.3,83265.9
97.4,8878.8,2339.3,83432.8
97.5,8867.7,2342.3,83599.9
97.6,8856.6,2345.3,83767.1
97.7,8845.5,2348.4,83934.5
97.8,8834.4,2351.4,84102.0
97.9,8823.4,2354.4,84269.7
98.0,8812.3,2357.5,84437.6
98.1,8801.2,2360.5,84605.6
98.2,8790.1,2363.6,84773.8
98.3,8779.0,2366.6,84942.1
98.4,8767.9,2369.7,85110.6
98.6,8754.6,2373.3,85313.1
98.7,8743.5,2376.4,85482.0
98.7,8734.7,2378.9,85617.2
98.9,8721.3,2382.6,85820.2
99.0,8710.3,2385.7,85989.6
99.1,8699.2,2388.8,86159.1
99.2,8688.1,2391.9,86328.9
99.3,8674.8,2395.6,86532.7
99.4,8663.7,2398.7,86702.8
99.5,8652.6,2401.8,86873.1
99.6,8641.5,2404.9,87043.5
99.7,8630.4,2408.1,87214.1
99.8,8619.3,2411.2,87384.9
99.9,8608.2,2414.3,87555.8
100.0,8597.2,2417.5,87726.9
100.1,8586.1,2420.6,87898.2
100.2,8575.0,2423.8,88069.7
100.3,8563.9,2427.0,88241.3
100.4,8552.8,2430.1,88413.1
100.5,8541.7,2433.3,88585.1
100.6,8530.6,2436.5,88757.3
100.7,8519.5,2439.7,88929.6
100.8,8510.7,2442.2,89067.6
100.9,8499.6,2445.4,89240.2
101.0,8488.5,2448.6,89413.1
101.1,8477.4,2451.8,89586.1
101.2,8466.3,2455.0,89759.3
101.3,8455.2,2458.2,89932.6
101.4,8444.1,2461.5,90106.2
101.5,8433.1,2464.7,90279.9
101.6,8422.0,2467.9,90453.8
101.7,8410.9,2471.2,90627.9
101.8,8399.8,2474.4,90802.1
101.9,8388.7,2477.7,90976.6
102.0,8375.4,2481.6,91186.2
102.1,8364.3,2484.9,91361.0
102.2,8353.2,2488.1,91536.0
102.3,8353.2,2487.6,91711.1
102.4,8353.2,2487.1,91886.2
102.5,8353.2,2486.6,92061.2
102.6,8353.2,2486.1,92236.2
102.7,8353.2,2485.5,92411.2
102.8,8353.2,2485.0,92586.1
102.9,8353.2,2484.5,92761.1
103.0,8353.2,2484.0,92936.0
103.1,8353.2,2483.5,93110.8
103.2,8353.2,2483.0,93285.7
103.3,8353.2,2482.5,93460.5
103.4,8353.2,2481.9,93635.3
103.5,8353.2,2481.4,93810.0
103.6,8353.2,2480.9,93984.7
103.7,8353.2,2480.4,94159.4
103.8,8353.2,2479.9,94334.1
103.9,8353.2,2479.4,94508.7
104.0,8353.2,2478.9,94683.3
104.1,8353.2,2478.4,94857.9
104.2,8353.2,2477.8,95032.5
104.3,8353.2,2477.3,95207.0
104.4,8353.2,2476.8,95381.5
104.5,8353.2,2476.3,95556.0
104.6,8353.2,2475.8,95730.4
104.7,8353.2,2475.2,95939.7
104.8,8353.2,2474.7,96114.1
104.9,8353.2,2474.2,96288.4
105.0,8353.2,2473.7,96462.8
105.1,8353.2,2473.2,96637.1
105.2,8353.2,2472.6,96811.3
105.3,8353.2,2472.1,96985.6
105.4,8353.2,2471.6,97159.8
105.5,8353.2,2471.1,97334.0
105.6,8353.2,2470.6,97508.1
105.7,8353.2,2470.1,97682.3
105.8,8353.2,2469.6,97856.4
105.9,8353.2,2469.1,98030.4
106.0,8353.2,2468.6,98204.5
106.1,8353.2,2468.1,98378.5
106.2,8353.2,2467.6,98552.5
106.3,8353.2,2467.1,98726.4
106.4,8353.2,2466.6,98900.4
106.5,8353.2,2466.1,99074.3
106.6,8353.2,2465.5,99248.2
106.7,8353.2,2465.0,99422.0
106.8,8353.2,2464.5,99595.8
106.9,8353.2,2464.0,99769.6
107.0,8353.2,2463.5,99943.4
107.1,8353.2,2463.0,100117.1
107.2,8353.2,2462.5,100290.8
107.3,8353.2,2462.0,100464.5
107.4,8353.2,2461.4,100672.9
107.5,8353.2,2460.9,100846.5
107.6,8353.2,2460.4,101020.1
107.7,8353.2,2459.9,101193.6
107.8,8353.2,2459.4,101367.2
107.9,8353.2,2458.9,101540.7
108.0,8353.2,2458.4,101714.2
108.1,8353.2,2457.9,101887.6
108.2,8353.2,2457.4,102061.0
108.3,8353.2,2456.9,102234.4
108.5,8353.2,2455.7,102654.5
109.2,8353.2,2452.2,103856.5
110.4,8353.2,2446.3,105904.2
112.1,8353.2,2438.0,108792.6
114.3,8353.2,2427.4,112515.0
116.9,8353.2,2414.5,117062.4
120.1,8353.2,2399.4,122424.4
123.7,8353.2,2382.3,128588.1
126.9,8353.2,2367.1,134086.5
132.4,8353.2,2342.1,143260.5
137.4,8353.2,2319.8,151532.7
142.4,8353.2,2297.9,159768.3
147.4,8353.2,2276.5,167937.1
152.4,8353.2,2255.5,176039.6
157.4,8353.2,2234.9,184076.4
162.4,8353.2,2214.7,192047.9
167.4,8353.2,2194.9,199954.7
172.4,8353.2,2175.4,207797.4
177.4,8353.2,2156.4,215576.4
182.4,8353.2,2137.6,223292.3
187.4,8353.2,2119.2,230945.7
192.4,8353.2,2101.2,238537.1
197.4,8353.2,2083.4,246067.0
202.4,8353.2,2066.0,253535.9
207.4,8353.2,2048.9,260944.4
212.4,8353.2,2032.0,268293.0
217.4,8353.2,2015.4,275582.2
222.4,8353.2,1999.1,282812.5
227.4,8353.2,1983.1,289984.4
232.4,8353.2,1967.3,297098.5
237.6,8353.2,1951.4,304366.0
243.2,8353.2,1934.1,312252.3
249.3,8353.2,1915.8,320756.7
256.0,8353.2,1896.3,329859.3
263.1,8353.2,1875.7,339539.3
270.7,8353.2,1854.2,349774.5
278.9,8353.2,1831.8,360541.8
287.5,8353.2,1808.6,371816.9
296.7,8353.2,1784.7,383574.8
306.3,8353.2,1760.1,395789.5
316.3,8353.2,1735.3,408248.9
326.3,8353.2,1711.1,420524.0
336.3,8353.2,1687.5,432602.2
346.3,8353.2,1664.5,444486.4
360.3,8353.2,1633.3,460803.9
370.3,8353.2,1611.6,472234.2
380.3,8353.2,1590.4,483479.8
390.3,8353.2,1569.8,494543.5
400.3,8353.2,1549.6,505427.6
410.3,8353.2,1529.9,516134.5
420.3,8353.2,1510.6,526666.7
430.3,8353.2,1491.7,537026.3
442.3,8353.2,1469.6,549233.1
450.3,8353.2,1455.1,557236.5
460.3,8353.2,1437.4,567091.3
470.3,8353.2,1420.1,576781.9
480.3,8353.2,1403.1,586310.1
490.3,8353.2,1386.5,595678.0
502.3,8353.2,1367.0,606710.2
512.3,8353.2,1351.0,615731.4
522.3,8353.2,1335.4,624597.8
532.3,8353.2,1320.1,633310.9
542.3,8353.2,1305.1,641872.4
552.3,8353.2,1290.4,650283.9
562.3,8353.2,1276.0,658546.7
572.3,8353.2,1261.8,666662.4
582.3,8353.2,1247.9,674632.3
592.3,8353.2,1234.2,682457.8
602.3,8353.2,1220.9,690140.3
612.3,8353.2,1207.7,697680.9
622.3,8353.2,1194.8,705081.0
632.3,8353.2,1182.1,712341.7
642.3,8353.2,1169.7,719464.3
652.3,8353.2,1157.5,726449.7
664.3,8353.2,1143.2,734652.9
674.3,8353.2,1131.5,741340.6
684.3,8353.2,1120.0,747894.7
694.3,8353.2,1108.7,754316.1
704.3,8353.2,1097.6,760605.8
714.3,8353.2,1086.7,766764.7
724.3,8353.2,1076.1,772793.7
734.3,8353.2,1065.6,778693.8
744.3,8353.2,1055.4,784465.7
754.3,8353.2,1045.3,790110.4
764.3,8353.2,1035.4,795628.5
774.3,8353.2,1025.8,801020.9
784.3,8353.2,1016.3,806288.3
794.3,8353.2,1007.0,811431.6
804.3,8353.2,997.9,816451.2
814.3,8353.2,989.0,821348.1
824.3,8353.2,980.3,826122.7
834.3,8353.2,971.7,830775.8
844.3,8353.2,963.4,835308.0
854.3,8353.2,955.2,839719.9
864.3,8353.2,947.3,844012.0
874.3,8353.2,939.5,848185.0
884.3,8353.2,931.9,852239.3
894.3,8353.2,924.4,856175.5
906.3,8353.2,915.8,860743.8
916.3,8353.2,908.8,864421.9
926.3,8353.2,901.9,867983.4
936.3,8353.2,895.3,871428.9
946.3,8353.2,888.8,874756.6
954.1,8353.2,883.9,877265.7
965.1,8353.2,877.2,880716.1
973.8,8353.2,872.0,883321.9
982.0,8353.2,867.3,885698.8
989.6,8353.2,863.0,887861.1
994.4,8353.2,860.3,889176.4
998.8,8353.2,858.0,890358.8
1002.8,8353.2,855.8,891414.5
1006.4,8353.2,853.9,892348.9
1009.5,8353.2,852.3,893166.8
1012.3,8353.2,850.8,893872.5
1014.7,8353.2,849.6,894470.0
1016.7,8353.2,848.6,894962.3
1018.3,8353.2,847.8,895352.1
1019.5,8353.2,847.2,895641.7
1020.5,8353.2,846.7,895885.0
1021.5,8353.2,846.2,896127.2
1022.5,8353.2,845.7,896368.2
1023.5,8353.2,845.3,896608.1
1024.5,8353.2,844.8,896846.9
1025.5,8353.2,844.3,897084.5
1026.5,8353.2,843.8,897321.1
1027.7,8353.2,843.2,897603.4
1028.7,8353.2,842.7,897837.4
1029.7,8353.2,842.2,898070.4
1030.7,8353.2,841.8,898302.2
1031.7,8353.2,841.3,898545.9
1033.1,8353.2,840.6,898870.3
1034.9,8353.2,839.7,899283.0
1037.2,8353.2,838.7,899781.7
1039.8,8353.2,837.5,900363.4
1043.4,8353.2,835.8,901166.0
1046.2,8353.2,834.6,901761.2
1050.8,8353.2,832.5,902738.2
1055.1,8353.2,830.7,903623.9
1059.8,8353.2,828.7,904568.4
1064.8,8353.2,826.6,905544.9
1069.8,8353.2,824.6,906496.0
1074.8,8353.2,822.6,907419.3
1079.8,8353.2,820.6,908314.8
1084.8,8353.2,818.8,909182.5
1089.8,8353.2,816.9,910022.4
1094.8,8353.2,815.1,910834.5
1099.8,8353.2,813.4,911619.0
1104.8,8353.2,811.7,912375.7
1109.8,8353.2,810.1,913104.7
1114.8,8353.2,808.5,913806.1
1119.8,8353.2,807.0,914479.9
1124.8,8353.2,805.5,915126.0
1129.8,8353.2,804.0,915744.6
1135.8,8353.2,802.4,916450.4
1139.8,8353.2,801.3,916898.9
1145.8,8353.2,799.8,917538.7
1150.8,8353.2,798.6,918041.2
1155.6,8353.2,797.5,918493.2
1159.9,8353.2,796.5,918885.3
1163.8,8353.2,795.6,919223.3
1167.4,8353.2,794.9,919512.5
1170.5,8353.2,794.3,919757.5
1173.3,8353.2,793.7,919962.5
1175.6,8353.2,793.3,920131.0
1177.6,8353.2,792.9,920266.2
1179.1,8353.2,792.6,920370.7
1180.3,8353.2,792.4,920446.7
1181.3,8353.2,792.2,920511.1
1182.2,8353.2,792.1,920571.5
1183.1,8353.2,791.9,920627.9
1184.0,8353.2,791.8,920680.3
1184.8,8353.2,791.6,920728.9
1185.5,8353.2,791.5,920773.8
1186.2,8353.2,791.4,920815.2
1186.9,8353.2,791.3,920853.1
1187.5,8353.2,791.2,920887.7
1188.0,8353.2,791.1,920919.0
1188.5,8353.2,791.0,920947.6
1189.0,8353.2,791.0,920975.7
1189.6,8353.2,790.9,921009.0
1190.1,8353.2,790.8,921036.4
1190.6,8353.2,790.7,921063.6
1191.1,8353.2,790.6,921090.5
1191.6,8353.2,790.5,921117.2
1192.1,8353.2,790.5,921143.5
1192.6,8353.2,790.4,921169.6
1193.1,8353.2,790.3,921195.4
1193.6,8353.2,790.2,921221.0
1194.1,8353.2,790.2,921246.2
1194.6,8353.2,790.1,921271.2
1195.1,8353.2,790.0,921295.9
1195.6,8353.2,789.9,921320.4
1196.1,8353.2,789.9,921344.6
1196.6,8353.2,789.8,921368.4
1197.1,8353.2,789.7,921392.1
1197.6,8353.2,789.7,921415.4
1198.1,8353.2,789.6,921438.5
1198.6,8353.2,789.5,921460.5
1199.0,8353.2,789.5,921480.5
1199.4,8353.2,789.4,921498.4
1199.8,8353.2,789.3,921514.5
1200.1,8353.2,789.3,921528.6
1200.4,8353.2,789.3,921540.9
1200.6,8353.2,789.2,921551.4
1200.8,8353.2,789.2,921560.1
1201.0,8353.2,789.2,921567.1
1201.2,8353.2,789.2,921572.3
1201.3,8353.2,789.2,921576.6
1201.4,8353.2,789.1,921580.8
1201.5,8353.2,789.1,921585.0
1201.6,8353.2,789.1,921589.3
1201.7,8353.2,789.1,921593.5
1201.8,8353.2,789.1,921597.7
1201.9,8353.2,789.1,921601.8
1202.0,8353.2,789.1,921606.0
1202.1,8353.2,789.0,921610.2
1202.2,8353.2,789.0,921614.3
1202.3,8353.2,789.0,921618.5
1202.4,8353.2,789.0,921622.6
1202.5,8353.2,789.0,921626.7
1202.6,8353.2,789.0,921630.8
1202.7,8353.2,789.0,921634.9
1202.8,8353.2,789.0,921639.8
1202.9,8353.2,788.9,921643.9
1203.0,8353.2,788.9,921647.9
1203.1,8353.2,788.9,921652.0
1203.2,8353.2,788.9,921656.0
1203.3,8353.2,788.9,921660.1
1203.4,8353.2,788.9,921664.1
1203.5,8353.2,788.9,921668.1
1203.6,8353.2,788.8,921672.1
1203.7,8353.2,788.8,921676.1
1203.8,8353.2,788.8,921680.0
1203.9,8353.2,788.8,921684.0
1204.0,8353.2,788.8,921688.0
1204.1,8353.2,788.8,921691.9
1204.2,8353.2,788.8,921695.8
1204.3,8353.2,788.8,921699.7
1204.4,8353.2,788.7,921703.6
1204.5,8353.2,788.7,921707.5
1204.6,8353.2,788.7,921711.4
1204.7,8353.2,788.7,921715.3
1204.8,8353.2,788.7,921719.2
1204.9,8353.2,788.7,921723.8
1205.0,8353.2,788.7,921727.6
1205.1,8353.2,788.7,921731.5
1205.2,8353.2,788.6,921735.3
1205.3,8353.2,788.6,921739.1
1205.4,8353.2,788.6,921742.9
1205.5,8353.2,788.6,921746.7
1205.6,8353.2,788.6,921750.4
1205.7,8353.2,788.6,921754.2
1205.8,8353.2,788.6,921757.9
1205.9,8353.2,788.6,921761.7
1206.0,8353.2,788.5,921765.4
1206.1,8353.2,788.5,921769.1
1206.2,8353.2,788.5,921772.8
1206.3,8353.2,788.5,921776.5
1206.4,8353.2,788.5,921780.2
1206.5,8353.2,788.5,921783.9
1206.6,8353.2,788.5,921788.3
1206.7,8353.2,788.5,921791.9
1206.8,8353.2,788.4,921795.6
1206.9,8353.2,788.4,921799.2
1207.0,8353.2,788.4,921802.8
1207.1,8353.2,788.4,921806.4
1207.2,8353.2,788.4,921810.0
1207.3,8353.2,788.4,921813.6
1207.4,8353.2,788.4,921817.2
1207.5,8353.2,788.4,921820.8
1207.6,8353.2,788.3,921824.3
1207.7,8353.2,788.3,921827.9
1207.8,8353.2,788.3,921831.4
1207.9,8353.2,788.3,921835.6
1208.0,8353.2,788.3,921839.1
1208.1,8353.2,788.3,921841.9
1208.2,8353.2,788.3,921846.1
1208.3,8353.2,788.3,921849.6
1208.4,8353.2,788.2,921853.0
1208.5,8353.2,788.2,921856.5
1208.6,8353.2,788.2,921859.9
1208.7,8353.2,788.2,921863.3
1208.8,8353.2,788.2,921866.8
1208.9,8353.2,788.2,921870.2
1209.0,8353.2,788.2,921873.6
1209.1,8353.2,788.2,921877.0
1209.2,8353.2,788.1,921880.3
1209.3,8353.2,788.1,921883.7
1209.4,8353.2,788.1,921887.0
1209.5,8353.2,788.1,921890.4
1209.6,8353.2,788.1,921893.7
1209.7,8353.2,788.1,921897.0
1209.8,8353.2,788.1,921900.3
1209.9,8353.2,788.1,921903.6
1210.0,8353.2,788.1,921906.9
1210.1,8353.2,788.0,921910.2
1210.2,8353.2,788.0,921913.5
1210.3,8353.2,788.0,921916.7
1210.4,8353.2,788.0,921920.0
1210.5,8353.2,788.0,921923.2
1210.7,8353.2,788.0,921927.1
1210.7,8353.2,788.0,921929.6
1210.8,8353.2,788.0,921932.8
1210.9,8353.2,788.0,921936.0
1211.0,8353.2,787.9,921939.2
1211.2,8353.2,787.9,921943.0
1211.3,8353.2,787.9,921946.1
1211.4,8353.2,787.9,921949.3
1211.5,8353.2,787.9,921952.4
1211.6,8353.2,787.9,921955.5
1211.7,8353.2,787.9,921958.7
1211.8,8353.2,787.9,921961.7
1211.9,8353.2,787.8,921964.8
1212.0,8353.2,787.8,921967.9
1212.1,8353.2,787.8,921971.6
1212.2,8353.2,787.8,921974.6
1212.3,8353.2,787.8,921977.7
1212.4,8353.2,787.8,921980.7
1212.5,8353.2,787.8,921983.7
1212.6,8353.2,787.8,921986.7
1212.7,8353.2,787.8,921989.7
1212.8,8353.2,787.7,921992.7
1212.9,8353.2,787.7,921995.7
1213.0,8353.2,787.7,921998.7
1213.1,8353.2,787.7,922001.6
1213.2,8353.2,787.7,922004.6
1213.3,8353.2,787.7,922007.5
1213.4,8353.2,787.7,922010.4
1213.5,8353.2,787.7,922013.3
1213.6,8353.2,787.7,922016.2
1213.7,8353.2,787.6,922019.1
1213.8,8353.2,787.6,922022.0
1213.9,8353.2,787.6,922024.9
1214.0,8353.2,787.6,922027.7
1214.1,8353.2,787.6,922030.6
1214.2,8353.2,787.6,922033.4
1214.3,8353.2,787.6,922036.2
1214.4,8353.2,787.6,922039.0
1214.5,8353.2,787.6,922041.8
1214.6,8353.2,787.6,922044.6
1214.7,8353.2,787.5,922047.4
1214.8,8353.2,787.5,922050.2
1214.9,8353.2,787.5,922052.9
1215.0,8353.2,787.5,922056.2
1215.1,8353.2,787.5,922058.4
1215.2,8353.2,787.5,922061.1
1215.3,8353.2,787.5,922063.8
1215.4,8353.2,787.5,922067.1
1215.5,8353.2,787.5,922069.8
1215.6,8353.2,787.4,922072.4
1215.7,8353.2,787.4,922075.1
1215.8,8353.2,787.4,922077.8
1215.9,8353.2,787.4,922080.4
1216.0,8353.2,787.4,922083.0
1216.1,8353.2,787.4,922085.7
1216.2,8353.2,787.4,922088.3
1216.3,8353.2,787.4,922090.9
1216.4,8353.2,787.4,922093.5
1216.5,8353.2,787.4,922096.0
1216.6,8353.2,787.3,922098.6
1216.7,8353.2,787.3,922101.2
1216.8,8353.2,787.3,922103.7
1216.9,8353.2,787.3,922106.2
1217.0,8353.2,787.3,922108.8
1217.1,8353.2,787.3,922111.3
1217.2,8353.2,787.3,922113.8
1217.3,8353.2,787.3,922116.3
1217.4,8353.2,787.3,922118.8
1217.5,8353.2,787.2,922121.2
1217.6,8353.2,787.2,922123.7
1217.7,8353.2,787.2,922126.1
1217.8,8353.2,787.2,922128.6
1217.9,8353.2,787.2,922131.0
1218.0,8353.2,787.2,922133.9
1218.1,8353.2,787.2,922135.8
1218.2,8353.2,787.2,922138.7
1218.3,8353.2,787.2,922141.1
1218.4,8353.2,787.2,922143.4
1218.5,8353.2,787.1,922145.8
1218.6,8353.2,787.1,922148.1
1218.7,8353.2,787.1,922150.5
1218.8,8353.2,787.1,922152.8
1218.9,8353.2,787.1,922155.1
1219.0,8353.2,787.1,922157.4
1219.1,8353.2,787.1,922159.7
1219.2,8353.2,787.1,922162.0
1219.3,8353.2,787.1,922164.3
1219.4,8353.2,787.1,922166.5
1219.5,8353.2,787.1,922168.8
1219.6,8353.2,787.0,922171.0
1219.7,8353.2,787.0,922173.2
1219.8,8353.2,787.0,922175.4
1219.9,8353.2,787.0,922177.6
1220.0,8353.2,787.0,922179.8
1220.1,8353.2,787.0,922182.0
1220.3,8353.2,787.0,922185.1
1220.4,8353.2,787.0,922187.2
1220.5,8353.2,787.0,922189.4
1220.6,8353.2,787.0,922191.5
1220.7,8353.2,786.9,922193.6
1220.8,8353.2,786.9,922195.7
1220.9,8353.2,786.9,922197.8
1221.0,8353.2,786.9,922199.9
1221.1,8353.2,786.9,922202.0
1221.2,8353.2,786.9,922204.1
1221.3,8353.2,786.9,922206.1
1221.4,8353.2,786.9,922208.2
1221.5,8353.2,786.9,922210.2
1221.6,8353.2,786.9,922212.2
1221.7,8353.2,786.9,922214.2
1221.8,8353.2,786.8,922216.2
1221.9,8353.2,786.8,922218.2
1222.0,8353.2,786.8,922220.2
1222.1,8353.2,786.8,922222.2
1222.2,8353.2,786.8,922224.1
1222.3,8353.2,786.8,922226.1
1222.4,8353.2,786.8,922228.0
1222.5,8353.2,786.8,922230.0
1222.6,8353.2,786.8,922231.9
1222.7,8353.2,786.8,922234.2
1222.8,8353.2,786.8,922235.7
1222.9,8353.2,786.7,922237.6
1223.0,8353.2,786.7,922239.8
1223.1,8353.2,786.7,922241.7
1223.2,8353.2,786.7,922243.5
1223.3,8353.2,786.7,922245.3
1223.4,8353.2,786.7,922247.2
1223.5,8353.2,786.7,922249.0
1223.6,8353.2,786.7,922250.4
1223.7,8353.2,786.7,922252.6
1223.8,8353.2,786.7,922254.4
1223.9,8353.2,786.7,922256.1
1224.0,8353.2,786.6,922257.9
1224.1,8353.2,786.6,922259.6
1224.2,8353.2,786.6,922261.4
1224.3,8353.2,786.6,922263.1
1224.4,8353.2,786.6,922264.8
1224.5,8353.2,786.6,922266.5
1224.6,8353.2,786.6,922268.2
1224.7,8353.2,786.6,922269.9
1224.8,8353.2,786.6,922271.6
1224.9,8353.2,786.6,922273.2
1225.0,8353.2,786.6,922274.9
1225.1,8353.2,786.6,922276.5
1225.2,8353.2,786.5,922278.1
1225.3,8353.2,786.5,922279.8
1225.4,8353.2,786.5,922281.4
1225.5,8353.2,786.5,922283.0
1225.6,8353.2,786.5,922284.5
1225.7,8353.2,786.5,922286.4
1225.8,8353.2,786.5,922288.0
1225.9,8353.2,786.5,922289.5
1226.0,8353.2,786.5,922291.1
1226.1,8353.2,786.5,922292.6
1226.2,8346.6,786.4,922294.2
1226.3,8335.5,786.4,922296.2
1226.4,8324.4,786.4,922298.5
1226.5,8313.3,786.5,922301.2
1226.6,8302.2,786.6,922304.3
1226.7,8288.9,786.9,922308.6
1226.8,8280.0,787.1,922311.7
1226.9,8266.7,787.6,922316.8
1227.0,8255.7,788.1,922321.5
1227.1,8246.8,788.6,922325.5
1227.2,8233.5,789.5,922332.0
1227.3,8224.6,790.2,922336.6
1227.4,8213.5,791.3,922342.7
1227.5,8202.4,792.6,922349.1
1227.6,8191.3,794.2,922355.9
1227.7,8178.0,796.3,922364.4
1227.8,8166.9,798.2,922371.9
1227.9,8155.9,800.4,922379.7
1228.0,8144.8,802.7,922387.9
1228.1,8133.7,805.2,922396.3
1228.2,8122.6,807.8,922405.0
1228.3,8111.5,810.6,922414.0
1228.4,8098.2,814.2,922425.1
1228.5,8087.1,817.3,922434.6
1228.6,8076.0,820.5,922444.3
1228.7,8067.2,823.2,922452.2
1228.8,8053.8,827.3,922464.3
1228.9,8042.8,830.8,922474.6
1229.0,8031.7,834.4,922485.1
1229.1,8020.6,838.1,922495.7
1229.2,8009.5,841.8,922506.5
1229.3,7998.4,845.5,922517.3
1229.4,7987.3,849.3,922528.4
1229.5,7976.2,853.1,922539.5
1229.6,7965.1,857.0,922550.7
1229.7,7954.1,860.9,922562.0
1229.8,7943.0,864.8,922573.3
1229.9,7931.9,868.7,922584.8
1230.0,7920.8,872.7,922596.3
1230.1,7909.7,876.6,922607.9
1230.2,7898.6,880.6,922619.5
1230.3,7887.5,884.6,922631.2
1230.4,7876.4,888.6,922643.0
1230.5,7865.4,892.5,922654.8
1230.6,7854.3,896.6,922666.6
1230.7,7843.2,900.6,922678.5
1230.8,7832.1,904.6,922690.4
1230.9,7821.0,908.6,922702.3
1231.0,7809.9,912.6,922714.3
1231.2,7796.6,917.5,922728.8
1231.3,7785.5,921.5,922740.8
1231.4,7774.4,925.5,922753.0
1231.5,7763.3,929.6,922765.1
1231.6,7752.3,933.6,922777.3
1231.7,7741.2,937.7,922789.6
1231.8,7730.1,941.8,922801.8
1231.9,7719.0,945.8,922814.2
1232.0,7707.9,949.9,922826.5
1232.1,7696.8,954.0,922838.9
1232.2,7685.7,958.1,922851.3
1232.3,7674.6,962.2,922863.8
1232.4,7663.6,966.3,922876.4
1232.5,7652.5,970.4,922888.9
1232.6,7641.4,974.5,922901.5
1232.7,7630.3,978.7,922914.2
1232.8,7619.2,982.8,922926.9
1232.9,7608.1,987.0,922939.7
1233.0,7597.0,991.1,922952.5
1233.1,7585.9,995.3,922965.3
1233.2,7574.9,999.4,922978.2
1233.3,7563.8,1003.6,922991.2
1233.4,7552.7,1007.8,923004.2
1233.5,7541.6,1012.0,923017.3
1233.6,7530.5,1016.2,923030.4
1233.7,7519.4,1020.4,923043.5
1233.8,7508.3,1024.6,923056.7
1233.9,7497.2,1028.8,923069.9
1234.0,7486.1,1033.0,923083.2
1234.1,7475.1,1037.3,923096.5
1234.2,7464.0,1041.5,923109.9
1234.3,7452.9,1045.7,923123.3
1234.4,7441.8,1050.0,923136.8
1234.5,7430.7,1054.2,923150.3
1234.6,7419.6,1058.5,923163.9
1234.7,7406.3,1063.6,923180.2
1234.8,7395.2,1067.9,923193.8
1234.9,7384.1,1072.2,923207.5
1235.0,7373.0,1076.5,923221.3
1235.1,7362.0,1080.8,923235.1
1235.2,7350.9,1085.1,923248.9
1235.3,7339.8,1089.4,923262.8
1235.4,7328.7,1093.7,923276.7
1235.5,7317.6,1098.0,923290.7
1235.6,7306.5,1102.4,923304.7
1235.7,7295.4,1106.7,923318.8
1235.8,7284.3,1111.1,923332.9
1235.9,7273.3,1115.4,923347.1
1236.0,7262.2,1119.8,923361.3
1236.1,7251.1,1124.2,923375.5
1236.2,7240.0,1128.6,923389.9
1236.3,7228.9,1132.9,923404.2
1236.4,7217.8,1137.3,923418.7
1236.5,7206.7,1141.7,923433.1
1236.6,7193.4,1147.0,923450.6
1236.7,7182.3,1151.5,923465.2
1236.8,7171.2,1155.9,923479.8
1236.9,7160.2,1160.3,923494.5
1237.0,7149.1,1164.8,923509.2
1237.1,7138.0,1169.2,923524.0
1237.2,7126.9,1173.7,923538.8
1237.3,7115.8,1178.1,923553.7
1237.4,7104.7,1182.6,923568.6
1237.5,7091.4,1188.0,923586.6
1237.6,7080.3,1192.5,923601.6
1237.7,7071.5,1196.0,923613.7
1237.8,7060.4,1200.5,923628.8
1237.9,7047.1,1206.0,923647.0
1238.0,7038.2,1209.6,923659.2
1238.1,7027.1,1214.1,923674.5
1238.2,7013.8,1219.5,923692.9
1238.3,7002.7,1224.1,923708.3
1238.4,6991.6,1228.6,923723.7
1238.5,6980.5,1233.2,923739.2
1238.6,6969.4,1237.7,923754.8
1238.7,6958.4,1242.3,923770.4
1238.8,6947.3,1246.9,923786.0
1238.9,6940.6,1249.6,923801.7
1239.0,6940.6,1249.6,923817.4
1239.1,6940.6,1249.6,923833.1
1239.2,6940.6,1249.6,923848.8
1239.3,6940.6,1249.5,923867.6
1239.4,6940.6,1249.5,923880.2
1239.5,6940.6,1249.5,923895.9
1239.6,6940.6,1249.5,923914.7
1239.7,6940.6,1249.4,923930.3
1239.8,6940.6,1249.4,923946.0
1239.9,6940.6,1249.4,923961.7
1240.0,6940.6,1249.4,923977.3
1240.1,6940.6,1249.3,923993.0
1240.2,6940.6,1249.3,924008.6
1240.3,6940.6,1249.3,924024.3
1240.4,6940.6,1249.3,924039.9
1240.5,6940.6,1249.2,924055.5
1240.6,6940.6,1249.2,924071.1
1240.7,6940.6,1249.2,924086.8
1240.8,6940.6,1249.2,924102.4
1240.9,6940.6,1249.1,924118.0
1241.0,6940.6,1249.1,924133.6
1241.1,6940.6,1249.1,924149.2
1241.2,6940.6,1249.1,924164.8
1241.3,6940.6,1249.0,924180.4
1241.4,6940.6,1249.0,924196.0
1241.5,6940.6,1249.0,924211.6
1241.6,6940.6,1249.0,924227.2
1241.7,6940.6,1249.0,924242.8
1241.8,6940.6,1248.9,924258.3
1241.9,6940.6,1248.9,924273.9
1242.1,6940.6,1248.9,924292.6
1242.2,6940.6,1248.9,924308.1
1242.3,6940.6,1248.8,924323.7
1242.4,6940.6,1248.8,924339.2
1242.5,6940.6,1248.8,924354.8
1242.6,6940.6,1248.8,924370.3
1242.7,6940.6,1248.7,924385.9
1242.8,6940.6,1248.7,924401.4
1242.9,6940.6,1248.7,924416.9
1243.0,6940.6,1248.7,924432.4
1243.1,6940.6,1248.6,924447.9
1243.2,6940.6,1248.6,924463.5
1243.3,6940.6,1248.6,924479.0
1243.4,6940.6,1248.6,924494.5
1243.5,6940.6,1248.5,924510.0
1243.6,6940.6,1248.5,924525.5
1243.7,6940.6,1248.5,924541.0
1243.8,6940.6,1248.5,924556.4
1243.9,6940.6,1248.4,924571.9
1244.0,6940.6,1248.4,924587.4
1244.1,6940.6,1248.4,924602.9
1244.2,6940.6,1248.4,924618.3
1244.3,6940.6,1248.4,924633.8
1244.3,6909.8,1248.3,924646.2
1244.5,6909.8,1248.2,924664.7
1244.6,6909.8,1248.2,924680.2
1244.7,6909.8,1248.1,924695.6
1244.8,6909.8,1248.1,924717.2
1244.9,6909.8,1248.1,924729.6
1245.0,6909.8,1248.1,924745.0
1245.1,6909.8,1248.0,924763.5
1245.2,6909.8,1248.0,924775.8
1245.3,6909.8,1248.0,924791.3
1245.4,6909.8,1248.0,924806.7
1245.5,6909.8,1247.9,924822.1
1245.6,6909.8,1247.9,924840.6
1245.7,6909.8,1247.9,924855.9
1245.8,6909.8,1247.9,924871.3
1245.9,6909.8,1247.8,924886.7
1246.0,6909.8,1247.8,924902.1
1246.1,6909.8,1247.8,924917.5
1246.2,6909.8,1247.8,924932.9
1246.3,6909.8,1247.7,924948.2
1246.4,6909.8,1247.7,924963.6
1246.5,6909.8,1247.7,924979.0
1246.6,6909.8,1247.7,924994.3
1246.7,6909.8,1247.7,925009.7
1246.8,6909.8,1247.6,925025.0
1246.9,6909.8,1247.6,925040.4
1247.0,6909.8,1247.6,925055.7
1247.1,6909.8,1247.6,925071.0
1247.2,6909.8,1247.5,925086.3
1247.3,6909.8,1247.5,925101.7
1247.4,6909.8,1247.5,925117.0
1247.5,6909.8,1247.5,925132.3
1247.6,6909.8,1247.4,925147.6
1247.7,6909.8,1247.4,925162.9
1247.8,6909.8,1247.4,925178.2
1247.9,6909.8,1247.4,925193.5
1248.0,6909.8,1247.3,925208.8
1248.1,6909.8,1247.3,925224.1
1248.2,6909.8,1247.3,925239.4
1248.3,6909.8,1247.3,925254.7
1248.4,6909.8,1247.3,925269.9
1248.5,6909.8,1247.2,925285.2
1248.6,6909.8,1247.2,925300.5
1248.7,6909.8,1247.2,925318.8
1248.8,6909.8,1247.2,925331.0
1248.9,6909.8,1247.1,925349.3
1249.0,6909.8,1247.1,925361.5
1249.1,6909.8,1247.1,925376.7
1249.2,6909.8,1247.1,925395.0
1249.3,6909.8,1247.0,925410.2
1249.4,6909.8,1247.0,925425.5
1249.5,6909.8,1247.0,925440.7
1249.6,6909.8,1247.0,925455.9
1249.7,6909.8,1246.9,925471.1
1249.8,6909.8,1246.9,925486.3
1249.9,6909.8,1246.9,925501.5
1250.0,107.5,1248.1,925514.6
1250.1,107.5,1248.9,925532.9
1250.2,107.5,1248.9,925551.2
1250.3,107.5,1248.8,925566.4
1250.4,107.5,1248.8,925581.6
1250.5,107.5,1248.8,925596.9
1250.6,107.5,1248.8,925612.1
1250.7,107.5,1248.7,925627.3
1250.8,107.5,1248.7,925642.5
1250.9,107.5,1248.7,925657.7
1251.0,107.5,1248.7,925672.9
1251.1,107.5,1248.6,925688.0
1251.2,107.5,1248.6,925703.2
1251.3,107.5,1248.6,925718.4
1251.4,107.5,1248.6,925733.6
1251.5,107.5,1248.5,925748.7
1251.6,107.5,1248.5,925763.9
1251.7,107.5,1248.5,925779.1
1251.8,107.5,1248.5,925794.2
1251.9,107.5,1248.5,925809.4
1252.0,107.5,1248.4,925824.5
1252.1,107.5,1248.4,925839.7
1252.2,107.5,1248.4,925854.8
1252.3,107.5,1248.4,925869.9
1252.4,107.5,1248.3,925885.1
1252.5,107.5,1248.3,925900.2
1252.6,107.5,1248.3,925915.3
1252.7,107.5,1248.3,925930.4
1252.9,107.5,1248.2,925948.5
1253.0,107.5,1248.2,925963.7
1253.1,107.5,1248.2,925978.8
1253.2,107.5,1248.2,925993.8
1253.3,107.5,1248.2,926008.9
1253.4,107.5,1248.1,926024.0
1253.5,107.5,1248.1,926039.1
1253.6,107.5,1248.1,926054.2
1253.7,107.5,1248.1,926069.3
1253.8,107.5,1248.0,926084.3
1253.9,107.5,1248.0,926099.4
1254.0,107.5,1248.0,926114.4
1254.1,107.5,1248.0,926129.5
1254.2,107.5,1247.9,926144.6
1254.3,107.5,1247.9,926159.6
1254.4,107.5,1247.9,926174.6
1254.5,107.5,1247.9,926189.7
1254.6,107.5,1247.9,926204.7
1254.7,107.5,1247.8,926219.7
1254.8,107.5,1247.8,926234.8
1254.9,107.5,1247.8,926249.8
1255.0,107.5,1247.8,926264.8
1255.1,107.5,1247.7,926279.8
1255.2,107.5,1247.7,926294.8
1255.3,107.5,1247.7,926309.8
1255.4,107.5,1247.7,926324.8
1255.5,107.5,1247.6,926339.8
1255.6,107.5,1247.6,926354.8
1255.7,107.5,1247.6,926372.8
1255.8,107.5,1247.6,926387.7
1255.9,107.5,1247.5,926402.7
1256.0,107.5,1247.5,926417.7
1256.1,107.5,1247.5,926432.6
1256.2,107.5,1247.5,926450.6
1256.3,107.5,1247.5,926462.6
1256.4,107.5,1247.4,926477.5
1256.5,107.5,1247.4,926495.4
1256.6,107.5,1247.4,926507.4
1256.7,107.5,1247.4,926522.3
1256.8,107.5,1247.3,926537.3
1256.9,107.5,1247.3,926555.2
1257.0,107.5,1247.3,926570.1
1257.1,107.5,1247.3,926582.0
1257.2,107.5,1247.2,926599.9
1257.3,107.5,1247.2,926614.8
1257.4,107.5,1247.2,926629.7
1257.5,107.5,1247.2,926644.6
1257.6,107.5,1247.2,926659.5
1257.7,107.5,1247.1,926674.4
1257.8,107.5,1247.1,926689.3
1257.9,107.5,1247.1,926704.2
1258.0,107.5,1247.1,926719.1
1258.1,107.5,1247.0,926734.0
1258.2,107.5,1247.0,926748.8
1258.3,107.5,1247.0,926763.7
1258.4,107.5,1247.0,926778.5
1258.5,107.5,1246.9,926796.4
1258.6,107.5,1246.9,926808.2
1258.7,107.5,1246.9,926826.1
1258.8,107.5,1246.9,926840.9
1258.9,107.5,1246.9,926855.7
1259.0,107.5,1246.8,926870.6
1259.1,107.5,1246.8,926885.4
1259.2,107.5,1246.8,926900.2
1259.3,107.5,1246.8,926915.0
1259.4,107.5,1246.7,926929.9
1259.5,107.5,1246.7,926944.7
1259.6,107.5,1246.7,926959.5
1259.7,107.5,1246.7,926974.3
1259.8,107.5,1246.6,926989.1
1259.9,107.5,1246.6,927003.9
1260.0,107.5,1246.6,927018.6
1260.1,107.5,1246.6,927033.4
1260.2,107.5,1246.6,927048.2
1260.3,107.5,1246.5,927063.0
1260.4,107.5,1246.5,927077.7
1260.5,107.5,1246.5,927092.5
1260.6,107.5,1246.5,927107.3
1260.7,107.5,1246.4,927122.0
1260.8,107.5,1246.4,927136.8
1260.9,107.5,1246.4,927151.5
1261.0,107.5,1246.4,927166.3
1261.1,107.5,1246.3,927183.9
1261.2,107.5,1246.3,927198.7
1261.3,107.5,1246.3,927213.4
1261.4,107.5,1246.3,927228.1
1261.5,107.5,1246.3,927242.8
1261.6,107.5,1246.2,927257.5
1261.7,107.5,1246.2,927272.3
1261.8,107.5,1246.2,927287.0
1261.9,107.5,1246.2,927301.7
1262.0,107.5,1246.1,927316.4
1262.1,107.5,1246.1,927331.0
1262.2,107.5,1246.1,927345.7
1262.3,107.5,1246.1,927360.4
1262.4,107.5,1246.1,927375.1
1262.5,107.5,1246.0,927389.8
1262.6,107.5,1246.0,927404.4
1262.7,107.5,1246.0,927419.1
1262.8,107.5,1246.0,927433.8
1262.9,107.5,1245.9,927448.4
1263.0,107.5,1245.9,927463.1
1263.1,107.5,1245.9,927477.7
1263.2,107.5,1245.9,927492.3
1263.3,107.5,1245.9,927507.0
1263.4,107.5,1245.8,927521.6
1263.5,107.5,1245.8,927536.2
1263.6,107.5,1245.8,927550.9
1263.7,107.5,1245.8,927565.5
1263.9,107.5,1245.7,927583.0
1264.0,107.5,1245.7,927597.6
1264.0,107.5,1245.7,927603.5
1264.1,107.5,1245.7,927621.0
1264.2,107.5,1245.6,927638.5
1264.3,107.5,1245.6,927653.1
1264.4,107.5,1245.6,927667.7
1264.5,107.5,1245.6,927682.3
1264.6,107.5,1245.6,927696.8
1264.7,107.5,1245.5,927711.4
1264.8,107.5,1245.5,927726.0
1264.9,107.5,1245.5,927740.6
1265.0,107.5,1245.5,927755.1
1265.1,107.5,1245.4,927769.7
1265.2,107.5,1245.4,927784.2
1265.3,107.5,1245.4,927798.8
1265.4,107.5,1245.4,927813.3
1265.5,107.5,1245.4,927827.8
1265.6,107.5,1245.3,927842.4
1265.7,107.5,1245.3,927856.9
1265.8,107.5,1245.3,927871.4
1265.9,107.5,1245.3,927885.9
1266.0,107.5,1245.2,927900.5
1266.1,107.5,1245.2,927915.0
1266.2,107.5,1245.2,927929.5
1266.3,107.5,1245.2,927944.0
1266.4,107.5,1245.2,927958.5
1266.5,107.5,1245.1,927973.0
1266.7,107.5,1245.1,927990.4
1266.8,107.5,1245.1,928004.8
1266.9,107.5,1245.1,928019.3
1267.0,107.5,1245.0,928033.8
1267.1,107.5,1245.0,928048.3
1267.2,107.5,1245.0,928062.7
1267.3,107.5,1245.0,928077.2
1267.4,107.5,1244.9,928091.6
1267.5,107.5,1244.9,928106.1
1267.6,107.5,1244.9,928120.5
1267.7,107.5,1244.9,928135.0
1267.8,107.5,1244.9,928149.4
1267.9,107.5,1244.8,928163.8
1268.0,107.5,1244.8,928178.3
1268.1,107.5,1244.8,928192.7
1268.2,107.5,1244.8,928207.1
1268.3,107.5,1244.7,928221.5
1268.4,107.5,1244.7,928235.9
1268.5,107.5,1244.7,928250.3
1268.6,107.5,1244.7,928267.6
1268.7,107.5,1244.7,928279.1
1268.8,107.5,1244.6,928296.4
1268.9,107.5,1244.6,928310.8
1269.0,107.5,1244.6,928325.2
1269.1,107.5,1244.6,928339.6
1269.2,107.5,1244.5,928353.9
1269.3,107.5,1244.5,928368.3
1269.4,107.5,1244.5,928382.7
1269.5,107.5,1244.5,928397.0
1269.6,107.5,1244.5,928411.4
1269.7,107.5,1244.4,928425.7
1269.8,107.5,1244.4,928440.1
1269.9,107.5,1244.4,928454.4
1270.0,107.5,1244.4,928468.8
1270.1,107.5,1244.3,928483.1
1270.2,107.5,1244.3,928497.4
1270.3,107.5,1244.3,928511.7
1270.4,107.5,1244.3,928526.1
1270.5,107.5,1244.3,928540.4
1270.6,107.5,1244.2,928554.7
1270.7,107.5,1244.2,928569.0
1270.8,107.5,1244.2,928583.3
1270.9,107.5,1244.2,928597.6
1271.0,107.5,1244.1,928611.9
1271.1,107.5,1244.1,928626.2
1271.2,107.5,1244.1,928640.5
1271.3,107.5,1244.1,928654.7
1271.4,107.5,1244.1,928669.0
1271.5,107.5,1244.0,928683.3
1271.6,107.5,1244.0,928697.5
1271.7,107.5,1244.0,928711.8
1271.8,107.5,1244.0,928726.1
1271.9,107.5,1243.9,928740.3
1272.0,107.5,1243.9,928760.2
1272.1,107.5,1243.9,928774.5
1272.2,107.5,1243.9,928785.9
1272.3,107.5,1243.9,928800.1
1272.4,107.5,1243.8,928814.3
1272.5,107.5,1243.8,928831.4
1272.6,107.5,1243.8,928845.6
1272.7,107.5,1243.8,928859.8
1272.8,107.5,1243.7,928874.0
1272.9,107.5,1243.7,928888.3
1273.0,107.5,1243.7,928899.6
1273.9,107.5,1243.5,929029.5
1275.3,107.5,1243.2,929225.8
1278.6,107.5,1242.5,929684.6
1282.4,107.5,1241.7,930213.5
1287.2,107.5,1240.6,930870.3
1293.0,107.5,1239.4,931648.5
1299.8,107.5,1238.0,932540.4
1307.5,107.5,1236.5,933536.8
1316.3,107.5,1234.8,934627.4
1326.0,107.5,1232.9,935796.7
1336.0,107.5,1231.1,936954.6
1348.4,107.5,1228.9,938322.0
1369.4,107.5,1225.3,940492.6
1399.4,107.5,1220.8,943245.2
1438.5,107.5,1215.7,946212.7
1486.5,107.5,1210.7,948917.8
1556.0,107.5,1206.2,950982.5
1623.9,107.5,1204.8,950886.7
1700.7,107.5,1206.8,948260.9
1786.5,107.5,1213.7,942166.8
1881.4,107.5,1227.0,931559.4
1981.4,107.5,1247.5,915978.7
2081.4,107.5,1274.7,895903.1
2181.4,107.5,1308.3,871361.4
2281.4,107.5,1348.3,842399.1
2381.4,107.5,1394.7,809086.2
2481.4,107.5,1447.2,771528.3
2581.4,107.5,1505.9,729882.6
2681.4,107.5,1570.7,684380.2
2781.4,107.5,1641.6,635357.8
2881.4,107.5,1718.5,583301.2
2981.4,107.5,1801.0,528905.8
3101.4,107.5,1906.7,461958.0
3201.4,107.5,1998.6,406442.5
3281.4,107.5,2072.7,363597.9
3381.4,107.5,2162.5,314111.1
3481.4,107.5,2242.9,271974.8
3601.4,107.5,2315.2,235764.6
3701.4,107.5,2345.0,221022.4
3801.4,107.5,2341.4,222166.4
3901.4,107.5,2305.1,239061.8
4001.4,107.5,2242.4,269816.2
4101.4,107.5,2162.4,311422.9
4201.4,107.5,2073.6,360568.6
4301.4,107.5,1982.7,414220.8
4401.4,107.5,1893.7,469894.0
4501.4,107.5,1809.0,525683.4
4601.4,107.5,1729.6,580187.9
4695.8,107.5,1660.0,629535.4
4780.1,107.5,1602.0,671433.7
4854.5,107.5,1554.2,706366.8
4918.9,107.5,1515.3,734960.0
4973.3,107.5,1484.2,757862.0
5025.4,107.5,1455.9,778677.4
5052.2,107.5,1442.0,788927.7
5080.3,107.5,1427.7,799386.5
5092.7,107.5,1421.5,803909.9
5095.5,107.5,1420.2,804906.2
5095.6,107.5,1420.1,804942.2
5095.7,107.5,1420.1,804970.9
5095.8,107.5,1420.0,805014.1
5095.9,107.5,1420.0,805050.0
5096.0,107.5,1419.9,805085.9
5096.1,107.5,1419.9,805121.9
5096.2,107.5,1419.8,805157.8
5096.3,107.5,1419.8,805193.7
5096.4,107.5,1419.7,805229.6
5096.5,107.5,1419.7,805265.5
5096.6,107.5,1419.6,805301.4
5096.7,107.5,1419.6,805337.3
5096.8,107.5,1419.5,805373.2
5096.9,107.5,1419.5,805409.1
5097.0,107.5,1419.4,805445.0
5097.1,107.5,1419.4,805480.9
5097.2,107.5,1419.3,805516.8
5097.3,107.5,1419.3,805552.7
5097.4,107.5,1419.2,805588.6
5097.5,107.5,1419.2,805624.4
5097.6,107.5,1419.1,805660.3
5097.7,107.5,1419.1,805696.2
5097.8,107.5,1419.0,805732.0
5097.9,107.5,1419.0,805767.9
5098.0,107.5,1418.9,805803.7
5098.1,107.5,1418.9,805839.6
5098.2,107.5,1418.8,805875.4
5098.3,107.5,1418.8,805911.2
5098.4,107.5,1418.7,805947.1
5098.5,107.5,1418.7,805982.9
5098.6,107.5,1418.6,806025.9
5098.7,107.5,1418.6,806054.6
5098.8,107.5,1418.6,806090.4
5098.9,107.5,1418.5,806126.2
5099.0,107.5,1418.4,806169.1
5099.1,107.5,1418.4,806197.8
5099.2,107.5,1418.3,806240.7
5099.3,107.5,1418.3,806269.4
5099.4,107.5,1418.2,806312.3
5099.6,107.5,1418.2,806355.3
5099.7,107.5,1418.1,806391.1
5099.8,107.5,1418.1,806426.8
5099.9,107.5,1418.0,806462.6
5100.0,107.5,1418.0,806498.4
5100.1,107.5,1417.9,806534.1
5100.2,107.5,1417.9,806569.9
5100.3,107.5,1417.8,806605.6
5100.4,107.5,1417.8,806641.4
5100.5,107.5,1417.8,806677.1
5100.6,107.5,1417.7,806712.9
5100.7,107.5,1417.7,806748.6
5100.8,107.5,1417.6,806784.4
5100.9,107.5,1417.6,806820.1
5101.0,107.5,1417.5,806855.8
5101.1,107.5,1417.5,806891.5
5101.2,107.5,1417.4,806927.2
5101.3,107.5,1417.3,806970.1
5101.4,107.5,1417.3,806998.7
5101.5,107.5,1417.3,807034.4
5101.6,107.5,1417.2,807070.1
5101.7,107.5,1417.2,807105.8
5101.8,107.5,1417.1,807141.5
5101.9,107.5,1417.1,807184.3
5102.0,107.5,1417.0,807212.8
5102.1,107.5,1417.0,807255.6
5102.2,107.5,1416.9,807291.3
5102.3,107.5,1416.9,807327.0
5102.4,107.5,1416.8,807362.6
5102.5,107.5,1416.8,807398.3
5102.6,107.5,1416.7,807434.0
5102.7,107.5,1416.7,807469.6
5102.8,107.5,1416.6,807505.3
5102.9,107.5,1416.6,807540.9
5103.0,107.5,1416.5,807576.5
5103.1,107.5,1416.5,807612.2
5103.2,107.5,1416.4,807647.8
5103.3,107.5,1416.4,807683.4
5103.4,107.5,1416.3,807719.1
5103.5,107.5,1416.3,807754.7
5103.6,107.5,1416.2,807790.3
5103.7,107.5,1416.2,807825.9
5103.8,107.5,1416.1,807861.5
5103.9,107.5,1416.1,807897.1
5104.0,107.5,1416.0,807932.7
5104.1,107.5,1416.0,807968.3
5104.2,107.5,1415.9,808003.9
5104.3,107.5,1415.9,808039.5
5104.4,107.5,1415.8,808075.0
5104.5,107.5,1415.8,808110.6
5104.6,107.5,1415.7,808146.2
5104.7,107.5,1415.7,808181.8
